id,variant_group,variant_num,chapter,chapter_label,chapter_name,chapter_icon,topic,topic_label,topic_icon,cat,pts,millionaire_val,difficulty,bloom_level,type,standard,learning_objective,tags,enabled,context_paragraph,reaction_equation,reaction_type,data_table,visual_type,visual_params,visual_type_2,visual_params_2,q,option_a,option_b,option_c,option_d,answer,answer_raw,answer_display,answer_sig_figs,tolerance,unit,answer_unit_type,given_keys,given_vals_display,randomizer_type,hint,sol_1,sol_2,sol_3,sol_4,notes,image_url,xp_value,time_limit,true_false_stmt,tf_answer,distractor_note,explanation,
tf_002,,1,ch11,Chapter 11,Acids and Bases,⚗️,acids_bases,Acids & Bases,🧪,Acids and Bases,200,,easy,remember,tf,,,,TRUE,,,,,,,,,Acids produce H⁺ ions in water.,,,,,,,,,,,,,,,,Acids increase the concentration of H⁺ (or H₃O⁺) in water.,,,,,https://,2,0,Acids produce H⁺ ions in water.,TRUE,,,
tf_003,,1,ch11,Chapter 11,Acids and Bases,⚗️,acids_bases,Acids & Bases,🧪,Acids and Bases,200,,easy,remember,tf,,,,TRUE,,,,,,,,,Bases produce OH⁻ ions in water.,,,,,,,,,,,,,,,,Bases increase the concentration of OH⁻ ions in water.,,,,,https://,2,0,Bases produce OH⁻ ions in water.,TRUE,,,
tf_004,,1,ch11,Chapter 11,Acids and Bases,⚗️,acids_bases,Acids & Bases,🧪,Acids and Bases,200,,easy,remember,tf,,,,TRUE,,,,,,,,,The pH scale is used to measure acidity and basicity.,,,,,,,,,,,,,,,,pH is a measure of the hydrogen ion concentration.,,,,,https://,2,0,The pH scale is used to measure acidity and basicity.,TRUE,,,
tf_005,,1,ch11,Chapter 11,Acids and Bases,⚗️,acids_bases,Acids & Bases,🧪,Acids and Bases,200,,easy,remember,tf,,,,TRUE,,,,,,,,,p means negative logarithm.,,,,,,,,,,,,,,,,pH = -log[H⁺].,,,,,https://,2,0,p means negative logarithm.,TRUE,,,
tf_006,,1,ch11,Chapter 11,Acids and Bases,⚗️,acids_bases,Acids & Bases,🧪,Acids and Bases,200,,easy,remember,tf,,,,TRUE,,,,,,,,,pOH is the negative log of hydroxide concentration.,,,,,,,,,,,,,,,,pOH = -log[OH⁻].,,,,,https://,2,0,pOH is the negative log of hydroxide concentration.,TRUE,,,
tf_007,,1,ch11,Chapter 11,Acids and Bases,⚗️,acids_bases,Acids & Bases,🧪,Acids and Bases,200,,easy,remember,tf,,,,TRUE,,,,,,,,,At 25°C pH + pOH always equals 14.,,,,,,,,,,,,,,,,From Kw = [H⁺][OH⁻] = 1.0 × 10⁻¹⁴,so -log[H⁺] -log[OH⁻] = 14.,,,,https://,2,0,At 25°C pH + pOH always equals 14.,TRUE,,,
tf_008,,1,ch11,Chapter 11,Acids and Bases,⚗️,acids_bases,Acids & Bases,🧪,Acids and Bases,200,,easy,remember,tf,,,,TRUE,,,,,,,,,A pH of 7 is neutral.,,,,,,,,,,,,,,,,pH = 7 means [H⁺] = [OH⁻] = 10⁻⁷ M.,,,,,https://,2,0,A pH of 7 is neutral.,TRUE,,,
tf_009,,1,ch11,Chapter 11,Acids and Bases,⚗️,acids_bases,Acids & Bases,🧪,Acids and Bases,200,,easy,remember,tf,,,,TRUE,,,,,,,,,Acids have pH < 7.,,,,,,,,,,,,,,,,Lower pH means higher [H⁺] concentration.,,,,,https://,2,0,Acids have pH < 7.,TRUE,,,
tf_010,,1,ch11,Chapter 11,Acids and Bases,⚗️,acids_bases,Acids & Bases,🧪,Acids and Bases,200,,easy,remember,tf,,,,TRUE,,,,,,,,,Bases have pH > 7.,,,,,,,,,,,,,,,,Higher pH means lower [H⁺] and higher [OH⁻].,,,,,https://,2,0,Bases have pH > 7.,TRUE,,,
tf_011,,1,ch11,Chapter 11,Acids and Bases,⚗️,acids_bases,Acids & Bases,🧪,Acids and Bases,200,,easy,remember,tf,,,,TRUE,,,,,,,,,Strong acids fully ionize in aqueous solution.,,,,,,,,,,,,,,,,Examples: HCl,HNO₃,H₂SO₄ ionize 100%.,,,https://,2,0,Strong acids fully ionize in aqueous solution.,TRUE,,,
tf_012,,1,ch11,Chapter 11,Acids and Bases,⚗️,acids_bases,Acids & Bases,🧪,Acids and Bases,200,,easy,remember,tf,,,,TRUE,,,,,,,,,Weak acids are only partially ionized.,,,,,,,,,,,,,,,,Most organic acids and acetic acid are weak.,,,,,https://,2,0,Weak acids are only partially ionized.,TRUE,,,
tf_013,,1,ch11,Chapter 11,Acids and Bases,⚗️,acids_bases,Acids & Bases,🧪,Acids and Bases,200,,easy,remember,tf,,,,TRUE,,,,,,,,,Conjugate bases of strong acids are weak.,,,,,,,,,,,,,,,,Cl⁻ is a very weak base (conjugate of HCl).,,,,,https://,2,0,Conjugate bases of strong acids are weak.,TRUE,,,
tf_014,,1,ch11,Chapter 11,Acids and Bases,⚗️,acids_bases,Acids & Bases,🧪,Acids and Bases,200,,easy,remember,tf,,,,TRUE,,,,,,,,,Amphoteric substances can donate or accept protons.,,,,,,,,,,,,,,,,Water and HCO₃⁻ are common amphoteric species.,,,,,https://,2,0,Amphoteric substances can donate or accept protons.,TRUE,,,
tf_015,,1,ch11,Chapter 11,Acids and Bases,⚗️,acids_bases,Acids & Bases,🧪,Acids and Bases,200,,easy,remember,tf,,,,TRUE,,,,,,,,,Water is amphoteric.,,,,,,,,,,,,,,,,In self-ionization and with other substances.,,,,,https://,2,0,Water is amphoteric.,TRUE,,,
tf_016,,1,ch11,Chapter 11,Acids and Bases,⚗️,acids_bases,Acids & Bases,🧪,Acids and Bases,200,,medium,remember,tf,,,,TRUE,,,,,,,,,Ka = [H⁺][A⁻]/[HA],,,,,,,,,,,,,,,,This is the equilibrium expression for weak acid dissociation.,,,,,https://,2,0,Ka = [H⁺][A⁻]/[HA],TRUE,,,
tf_017,,1,ch11,Chapter 11,Acids and Bases,⚗️,acids_bases,Acids & Bases,🧪,Acids and Bases,200,,medium,remember,tf,,,,TRUE,,,,,,,,,Larger Ka indicates stronger acid.,,,,,,,,,,,,,,,,Higher Ka = greater extent of dissociation.,,,,,https://,2,0,Larger Ka indicates stronger acid.,TRUE,,,
tf_018,,1,ch11,Chapter 11,Acids and Bases,⚗️,acids_bases,Acids & Bases,🧪,Acids and Bases,200,,medium,remember,tf,,,,TRUE,,,,,,,,,pKa = -log Ka,,,,,,,,,,,,,,,,Lower pKa = stronger acid.,,,,,https://,2,0,pKa = -log Ka,TRUE,,,
tf_019,,1,ch11,Chapter 11,Acids and Bases,⚗️,acids_bases,Acids & Bases,🧪,Acids and Bases,200,,medium,remember,tf,,,,TRUE,,,,,,,,,Kw = 1.0 × 10^{-14} at 25°C,,,,,,,,,,,,,,,,Kw = [H⁺][OH⁻] = 1.0 × 10⁻¹⁴.,,,,,https://,2,0,Kw = 1.0 × 10^{-14} at 25°C,TRUE,,,
tf_020,,1,ch11,Chapter 11,Acids and Bases,⚗️,acids_bases,Acids & Bases,🧪,Acids and Bases,200,,easy,remember,tf,,,,TRUE,,,,,,,,,In neutral water [H⁺] = [OH⁻] = 10^{-7} M,,,,,,,,,,,,,,,,From Kw = [H⁺][OH⁻] = 10⁻¹⁴.,,,,,https://,2,0,In neutral water [H⁺] = [OH⁻] = 10^{-7} M,TRUE,,,
tf_021,,1,ch11,Chapter 11,Acids and Bases,⚗️,equilibrium,Chemical Equilibrium,⚖️,Acids and Bases,200,,medium,remember,tf,,,,TRUE,,,,,,,,,Equilibrium is dynamic.,,,,,,,,,,,,,,,,Macroscopic properties are constant.,,,,,https://,2,0,Equilibrium is dynamic.,TRUE,,,
tf_022,,1,ch11,Chapter 11,Acids and Bases,⚗️,equilibrium,Chemical Equilibrium,⚖️,Acids and Bases,200,,medium,remember,tf,,,,TRUE,,,,,,,,,Concentrations are constant at equilibrium.,,,,,,,,,,,,,,,,Rates are equal,not necessarily equal concentrations.,,,,https://,2,0,Concentrations are constant at equilibrium.,TRUE,,,
tf_023,,1,ch11,Chapter 11,Acids and Bases,⚗️,equilibrium,Chemical Equilibrium,⚖️,Acids and Bases,200,,medium,apply,tf,,,,TRUE,,,,,,,,,Adding reactant shifts toward products (Le Châtelier),,,,,,,,,,,,,,,,System counteracts the stress.,,,,,https://,2,0,Adding reactant shifts toward products (Le Châtelier),TRUE,,,
tf_024,,1,ch11,Chapter 11,Acids and Bases,⚗️,equilibrium,Chemical Equilibrium,⚖️,Acids and Bases,200,,medium,apply,tf,,,,TRUE,,,,,,,,,For endothermic reactions,,,,,,,,,,,,,,,,Heat is treated as a reactant.,,,,,https://,2,0,For endothermic reactions,TRUE,,,
tf_025,,1,ch11,Chapter 11,Acids and Bases,⚗️,acids_bases,Acids & Bases,🧪,Acids and Bases,200,,medium,remember,tf,,,,TRUE,,,,,,,,,Conjugate acid is formed by accepting H⁺.,,,,,,,,,,,,,,,,Example: NH₃ + H⁺ → NH₄⁺.,,,,,https://,2,0,Conjugate acid is formed by accepting H⁺.,TRUE,,,
tf_026,,1,ch11,Chapter 11,Acids and Bases,⚗️,acids_bases,Acids & Bases,🧪,Acids and Bases,200,,medium,remember,tf,,,,TRUE,,,,,,,,,Buffers resist pH change.,,,,,,,,,,,,,,,,Usually contains weak acid + conjugate base.,,,,,https://,2,0,Buffers resist pH change.,TRUE,,,
tf_027,,1,ch11,Chapter 11,Acids and Bases,⚗️,acids_bases,Acids & Bases,🧪,Acids and Bases,200,,easy,remember,tf,,,,TRUE,,,,,,,,,Acids turn litmus red.,,,,,,,,,,,,,,,,Classic acid-base indicator.,,,,,https://,2,0,Acids turn litmus red.,TRUE,,,
tf_028,,1,ch11,Chapter 11,Acids and Bases,⚗️,acids_bases,Acids & Bases,🧪,Acids and Bases,200,,easy,remember,tf,,,,TRUE,,,,,,,,,Phenolphthalein is colorless in acid and pink in base.,,,,,,,,,,,,,,,,Common indicator for titrations.,,,,,https://,2,0,Phenolphthalein is colorless in acid and pink in base.,TRUE,,,
tf_029,,1,ch11,Chapter 11,Acids and Bases,⚗️,acids_bases,Acids & Bases,🧪,Acids and Bases,200,,medium,remember,tf,,,,TRUE,,,,,,,,,Ka << 1 for weak acids.,,,,,,,,,,,,,,,,Indicates limited dissociation.,,,,,https://,2,0,Ka << 1 for weak acids.,TRUE,,,
tf_030,,1,ch11,Chapter 11,Acids and Bases,⚗️,acids_bases,Acids & Bases,🧪,Acids and Bases,200,,medium,remember,tf,,,,TRUE,,,,,,,,,Strong acid → weak conjugate base.,,,,,,,,,,,,,,,,Inverse relationship between acid and conjugate base strength.,,,,,https://,2,0,Strong acid → weak conjugate base.,TRUE,,,
tf_031,,1,ch11,Chapter 11,Acids and Bases,⚗️,acids_bases,Acids & Bases,🧪,Acids and Bases,200,,easy,remember,tf,,,,TRUE,,,,,,,,,HCl is a strong acid.,,,,,,,,,,,,,,,,Completely dissociates in water.,,,,,https://,2,0,HCl is a strong acid.,TRUE,,,
tf_032,,1,ch11,Chapter 11,Acids and Bases,⚗️,acids_bases,Acids & Bases,🧪,Acids and Bases,200,,easy,remember,tf,,,,TRUE,,,,,,,,,Acetic acid is weak.,,,,,,,,,,,,,,,,Only partially dissociates.,,,,,https://,2,0,Acetic acid is weak.,TRUE,,,
tf_033,,1,ch11,Chapter 11,Acids and Bases,⚗️,acids_bases,Acids & Bases,🧪,Acids and Bases,200,,easy,remember,tf,,,,TRUE,,,,,,,,,NaOH is a strong base.,,,,,,,,,,,,,,,,Completely dissociates to Na⁺ and OH⁻.,,,,,https://,2,0,NaOH is a strong base.,TRUE,,,
tf_034,,1,ch11,Chapter 11,Acids and Bases,⚗️,acids_bases,Acids & Bases,🧪,Acids and Bases,200,,medium,remember,tf,,,,TRUE,,,,,,,,,Adding conjugate base shifts left (Le Châtelier),,,,,,,,,,,,,,,,Common ion effect.,,,,,https://,2,0,Adding conjugate base shifts left (Le Châtelier),TRUE,,,
tf_035,,1,ch11,Chapter 11,Acids and Bases,⚗️,acids_bases,Acids & Bases,🧪,Acids and Bases,200,,medium,remember,tf,,,,TRUE,,,,,,,,,Higher [H⁺] means lower pH.,,,,,,,,,,,,,,,,Inverse relationship between pH and [H⁺].,,,,,https://,2,0,Higher [H⁺] means lower pH.,TRUE,,,
tf_036,,1,ch11,Chapter 11,Acids and Bases,⚗️,acids_bases,Acids & Bases,🧪,Acids and Bases,200,,easy,remember,tf,,,,TRUE,,,,,,,,,Lower pH = more acidic.,,,,,,,,,,,,,,,,Each unit decrease in pH means 10× more [H⁺].,,,,,https://,2,0,Lower pH = more acidic.,TRUE,,,
tf_037,,1,ch11,Chapter 11,Acids and Bases,⚗️,acids_bases,Acids & Bases,🧪,Acids and Bases,200,,medium,remember,tf,,,,TRUE,,,,,,,,,Each pH unit = factor of 10 in [H⁺],,,,,,,,,,,,,,,,Logarithmic scale.,,,,,https://,2,0,Each pH unit = factor of 10 in [H⁺],TRUE,,,
tf_038,,1,ch11,Chapter 11,Acids and Bases,⚗️,acids_bases,Acids & Bases,🧪,Acids and Bases,200,,medium,remember,tf,,,,TRUE,,,,,,,,,Kb = [BH⁺][OH⁻]/[B] for weak bases.,,,,,,,,,,,,,,,,Analogous to Ka for acids.,,,,,https://,2,0,Kb = [BH⁺][OH⁻]/[B] for weak bases.,TRUE,,,
tf_039,,1,ch11,Chapter 11,Acids and Bases,⚗️,acids_bases,Acids & Bases,🧪,Acids and Bases,200,,medium,remember,tf,,,,TRUE,,,,,,,,,Larger pKb = weaker base.,,,,,,,,,,,,,,,,Higher pKb = smaller Kb.,,,,,https://,2,0,Larger pKb = weaker base.,TRUE,,,
tf_040,,1,ch11,Chapter 11,Acids and Bases,⚗️,acids_bases,Acids & Bases,🧪,Acids and Bases,200,,easy,remember,tf,,,,TRUE,,,,,,,,,NH₃ is a weak base.,,,,,,,,,,,,,,,,Partial ionization in water.,,,,,https://,2,0,NH₃ is a weak base.,TRUE,,,
tf_041,,1,ch11,Chapter 11,Acids and Bases,⚗️,acids_bases,Acids & Bases,🧪,Acids and Bases,200,,medium,remember,tf,,,,TRUE,,,,,,,,,Equilibrium favors weaker acid/base side.,,,,,,,,,,,,,,,,Equilibrium lies toward the weaker species.,,,,,https://,2,0,Equilibrium favors weaker acid/base side.,TRUE,,,
tf_042,,1,ch11,Chapter 11,Acids and Bases,⚗️,acids_bases,Acids & Bases,🧪,Acids and Bases,200,,medium,remember,tf,,,,TRUE,,,,,,,,,Water self-ionization is at equilibrium.,,,,,,,,,,,,,,,,Kw describes this equilibrium.,,,,,https://,2,0,Water self-ionization is at equilibrium.,TRUE,,,
tf_043,,1,ch11,Chapter 11,Acids and Bases,⚗️,acids_bases,Acids & Bases,🧪,Acids and Bases,200,,medium,remember,tf,,,,TRUE,,,,,,,,,Acid decreases [OH⁻] while increasing [H⁺],,,,,,,,,,,,,,,,From Kw being constant.,,,,,https://,2,0,Acid decreases [OH⁻] while increasing [H⁺],TRUE,,,
tf_044,,1,ch11,Chapter 11,Acids and Bases,⚗️,acids_bases,Acids & Bases,🧪,Acids and Bases,200,,easy,remember,tf,,,,TRUE,,,,,,,,,pH = 0 is strongly acidic.,,,,,,,,,,,,,,,,Very high [H⁺] concentration.,,,,,https://,2,0,pH = 0 is strongly acidic.,TRUE,,,
tf_045,,1,ch11,Chapter 11,Acids and Bases,⚗️,acids_bases,Acids & Bases,🧪,Acids and Bases,200,,easy,remember,tf,,,,TRUE,,,,,,,,,pH = 14 is strongly basic.,,,,,,,,,,,,,,,,Very high [OH⁻] concentration.,,,,,https://,2,0,pH = 14 is strongly basic.,TRUE,,,
tf_046,,1,ch11,Chapter 11,Acids and Bases,⚗️,acids_bases,Acids & Bases,🧪,Acids and Bases,200,,medium,remember,tf,,,,TRUE,,,,,,,,,Strong acid pH is straightforward from concentration.,,,,,,,,,,,,,,,,For strong acids,[H⁺] = initial concentration.,,,,https://,2,0,Strong acid pH is straightforward from concentration.,TRUE,,,
tf_047,,1,ch11,Chapter 11,Acids and Bases,⚗️,acids_bases,Acids & Bases,🧪,Acids and Bases,200,,medium,remember,tf,,,,TRUE,,,,,,,,,Weak acid pH calculation uses Ka equilibrium.,,,,,,,,,,,,,,,,ICE table is usually needed.,,,,,https://,2,0,Weak acid pH calculation uses Ka equilibrium.,TRUE,,,
tf_048,,1,ch11,Chapter 11,Acids and Bases,⚗️,acids_bases,Acids & Bases,🧪,Acids and Bases,200,,medium,remember,tf,,,,TRUE,,,,,,,,,Le Châtelier applies to acid-base systems.,,,,,,,,,,,,,,,,Shifts occur with concentration or temperature changes.,,,,,https://,2,0,Le Châtelier applies to acid-base systems.,TRUE,,,
tf_049,,1,ch11,Chapter 11,Acids and Bases,⚗️,acids_bases,Acids & Bases,🧪,Acids and Bases,200,,easy,remember,tf,,,,TRUE,,,,,,,,,Acids taste sour.,,,,,,,,,,,,,,,,Common sensory property (do not taste in lab).,,,,,https://,2,0,Acids taste sour.,TRUE,,,
tf_050,,1,ch11,Chapter 11,Acids and Bases,⚗️,acids_bases,Acids & Bases,🧪,Acids and Bases,200,,easy,remember,tf,,,,TRUE,,,,,,,,,Bases feel slippery and taste bitter.,,,,,,,,,,,,,,,,Another classic property.,,,,,https://,2,0,Bases feel slippery and taste bitter.,TRUE,,,
tf_051,,1,ch11,Chapter 11,Acids and Bases,⚗️,acids_bases,Acids & Bases,🧪,Acids and Bases,200,,medium,remember,tf,,,,TRUE,,,,,,,,,Brønsted-Lowry: acids donate H⁺,,,,,,,,,,,,,,,,Broader than Arrhenius definition.,,,,,https://,2,0,Brønsted-Lowry: acids donate H⁺,TRUE,,,
tf_052,,1,ch11,Chapter 11,Acids and Bases,⚗️,acids_bases,Acids & Bases,🧪,Acids and Bases,200,,medium,remember,tf,,,,TRUE,,,,,,,,,Acids are substances that produce OH- ions in water.,,,,,,,,,,,,,,,,Acids produce H+ not OH-,,,,,https://,2,0,Acids are substances that produce OH- ions in water.,FALSE,,,
tf_053,,1,ch11,Chapter 11,Acids and Bases,⚗️,acids_bases,Acids & Bases,🧪,Acids and Bases,200,,medium,remember,tf,,,,TRUE,,,,,,,,,Bases are substances that produce H+ ions in water.,,,,,,,,,,,,,,,,Bases produce OH- not H+,,,,,https://,2,0,Bases are substances that produce H+ ions in water.,FALSE,,,
tf_054,,1,ch11,Chapter 11,Acids and Bases,⚗️,acids_bases,Acids & Bases,🧪,Acids and Bases,200,,medium,remember,tf,,,,TRUE,,,,,,,,,The pH scale measures the temperature of a solution.,,,,,,,,,,,,,,,,pH measures acidity not temperature,,,,,https://,2,0,The pH scale measures the temperature of a solution.,FALSE,,,
tf_055,,1,ch11,Chapter 11,Acids and Bases,⚗️,acids_bases,Acids & Bases,🧪,Acids and Bases,200,,medium,remember,tf,,,,TRUE,,,,,,,,,pH is the positive logarithm of the hydrogen ion concentration.,,,,,,,,,,,,,,,,pH = -log[H+],,,,,https://,2,0,pH is the positive logarithm of the hydrogen ion concentration.,FALSE,,,
tf_056,,1,ch11,Chapter 11,Acids and Bases,⚗️,acids_bases,Acids & Bases,🧪,Acids and Bases,200,,medium,remember,tf,,,,TRUE,,,,,,,,,pOH is the negative logarithm of the hydrogen ion concentration.,,,,,,,,,,,,,,,,pOH = -log[OH-],,,,,https://,2,0,pOH is the negative logarithm of the hydrogen ion concentration.,FALSE,,,
tf_057,,1,ch11,Chapter 11,Acids and Bases,⚗️,acids_bases,Acids & Bases,🧪,Acids and Bases,200,,medium,remember,tf,,,,TRUE,,,,,,,,,pH + pOH always equals 7 at 25C.,,,,,,,,,,,,,,,,pH + pOH = 14 at 25C,,,,,https://,2,0,pH + pOH always equals 7 at 25C.,FALSE,,,
tf_058,,1,ch11,Chapter 11,Acids and Bases,⚗️,acids_bases,Acids & Bases,🧪,Acids and Bases,200,,medium,remember,tf,,,,TRUE,,,,,,,,,A solution with pH = 7 is acidic.,,,,,,,,,,,,,,,,pH 7 is neutral,,,,,https://,2,0,A solution with pH = 7 is acidic.,FALSE,,,
tf_059,,1,ch11,Chapter 11,Acids and Bases,⚗️,acids_bases,Acids & Bases,🧪,Acids and Bases,200,,medium,remember,tf,,,,TRUE,,,,,,,,,Acidic solutions have pH values greater than 7.,,,,,,,,,,,,,,,,Acids have pH less than 7,,,,,https://,2,0,Acidic solutions have pH values greater than 7.,FALSE,,,
tf_060,,1,ch11,Chapter 11,Acids and Bases,⚗️,acids_bases,Acids & Bases,🧪,Acids and Bases,200,,medium,remember,tf,,,,TRUE,,,,,,,,,Basic solutions have pH values less than 7.,,,,,,,,,,,,,,,,Bases have pH greater than 7,,,,,https://,2,0,Basic solutions have pH values less than 7.,FALSE,,,
tf_061,,1,ch11,Chapter 11,Acids and Bases,⚗️,acids_bases,Acids & Bases,🧪,Acids and Bases,200,,medium,remember,tf,,,,TRUE,,,,,,,,,Strong acids only partially dissociate in water.,,,,,,,,,,,,,,,,Strong acids dissociate 100%,,,,,https://,2,0,Strong acids only partially dissociate in water.,FALSE,,,
tf_062,,1,ch11,Chapter 11,Acids and Bases,⚗️,acids_bases,Acids & Bases,🧪,Acids and Bases,200,,medium,remember,tf,,,,TRUE,,,,,,,,,Weak acids completely dissociate in water.,,,,,,,,,,,,,,,,Weak acids dissociate only partially,,,,,https://,2,0,Weak acids completely dissociate in water.,FALSE,,,
tf_063,,1,ch11,Chapter 11,Acids and Bases,⚗️,acids_bases,Acids & Bases,🧪,Acids and Bases,200,,medium,remember,tf,,,,TRUE,,,,,,,,,The conjugate base of a strong acid is a strong base.,,,,,,,,,,,,,,,,Conjugate base of strong acid is weak,,,,,https://,2,0,The conjugate base of a strong acid is a strong base.,FALSE,,,
tf_064,,1,ch11,Chapter 11,Acids and Bases,⚗️,acids_bases,Acids & Bases,🧪,Acids and Bases,200,,medium,remember,tf,,,,TRUE,,,,,,,,,Amphoteric substances can only act as acids.,,,,,,,,,,,,,,,,Amphoteric can act as acid or base,,,,,https://,2,0,Amphoteric substances can only act as acids.,FALSE,,,
tf_065,,1,ch11,Chapter 11,Acids and Bases,⚗️,acids_bases,Acids & Bases,🧪,Acids and Bases,200,,medium,remember,tf,,,,TRUE,,,,,,,,,Water can only act as an acid never as a base.,,,,,,,,,,,,,,,,Water acts as both acid and base,,,,,https://,2,0,Water can only act as an acid never as a base.,FALSE,,,
tf_066,,1,ch11,Chapter 11,Acids and Bases,⚗️,acids_bases,Acids & Bases,🧪,Acids and Bases,200,,medium,remember,tf,,,,TRUE,,,,,,,,,The acid dissociation constant Ka is [HA]/[H+][A-].,,,,,,,,,,,,,,,,Ka = [H+][A-]/[HA],,,,,https://,2,0,The acid dissociation constant Ka is [HA]/[H+][A-].,FALSE,,,
tf_067,,1,ch11,Chapter 11,Acids and Bases,⚗️,acids_bases,Acids & Bases,🧪,Acids and Bases,200,,medium,remember,tf,,,,TRUE,,,,,,,,,A smaller Ka value means a stronger acid.,,,,,,,,,,,,,,,,Larger Ka means stronger acid,,,,,https://,2,0,A smaller Ka value means a stronger acid.,FALSE,,,
tf_068,,1,ch11,Chapter 11,Acids and Bases,⚗️,acids_bases,Acids & Bases,🧪,Acids and Bases,200,,medium,remember,tf,,,,TRUE,,,,,,,,,pKa is the positive logarithm of Ka.,,,,,,,,,,,,,,,,pKa = -log Ka,,,,,https://,2,0,pKa is the positive logarithm of Ka.,FALSE,,,
tf_069,,1,ch11,Chapter 11,Acids and Bases,⚗️,acids_bases,Acids & Bases,🧪,Acids and Bases,200,,medium,remember,tf,,,,TRUE,,,,,,,,,The ion product of water Kw equals 1.0 times 10 to the -7 at 25C.,,,,,,,,,,,,,,,,Kw = 1.0e-14 at 25C,,,,,https://,2,0,The ion product of water Kw equals 1.0 times 10 to the -7 at 25C.,FALSE,,,
tf_070,,1,ch11,Chapter 11,Acids and Bases,⚗️,acids_bases,Acids & Bases,🧪,Acids and Bases,200,,medium,remember,tf,,,,TRUE,,,,,,,,,In pure water at 25C [H+] equals [OH-] equals 1.0 times 10 to the -14 M.,,,,,,,,,,,,,,,,[H+] = [OH-] = 1e-7 in pure water,,,,,https://,2,0,In pure water at 25C [H+] equals [OH-] equals 1.0 times 10 to the -14 M.,FALSE,,,
tf_071,,1,ch11,Chapter 11,Acids and Bases,⚗️,acids_bases,Acids & Bases,🧪,Acids and Bases,200,,medium,remember,tf,,,,TRUE,,,,,,,,,At chemical equilibrium the forward reaction stops completely.,,,,,,,,,,,,,,,,Equilibrium is dynamic forward and reverse continue,,,,,https://,2,0,At chemical equilibrium the forward reaction stops completely.,FALSE,,,
tf_072,,1,ch11,Chapter 11,Acids and Bases,⚗️,acids_bases,Acids & Bases,🧪,Acids and Bases,200,,medium,remember,tf,,,,TRUE,,,,,,,,,At equilibrium the concentrations of reactants and products keep changing.,,,,,,,,,,,,,,,,Concentrations constant at equilibrium,,,,,https://,2,0,At equilibrium the concentrations of reactants and products keep changing.,FALSE,,,
tf_073,,1,ch11,Chapter 11,Acids and Bases,⚗️,acids_bases,Acids & Bases,🧪,Acids and Bases,200,,medium,remember,tf,,,,TRUE,,,,,,,,,According to Le Chatelier adding more reactant shifts equilibrium toward the reactants.,,,,,,,,,,,,,,,,Adding reactant shifts to products,,,,,https://,2,0,According to Le Chatelier adding more reactant shifts equilibrium toward the reactants.,FALSE,,,
tf_074,,1,ch11,Chapter 11,Acids and Bases,⚗️,acids_bases,Acids & Bases,🧪,Acids and Bases,200,,medium,remember,tf,,,,TRUE,,,,,,,,,Increasing temperature of an endothermic reaction shifts equilibrium toward the reactants.,,,,,,,,,,,,,,,,Endothermic heat favors products,,,,,https://,2,0,Increasing temperature of an endothermic reaction shifts equilibrium toward the reactants.,FALSE,,,
tf_075,,1,ch11,Chapter 11,Acids and Bases,⚗️,acids_bases,Acids & Bases,🧪,Acids and Bases,200,,medium,remember,tf,,,,TRUE,,,,,,,,,The conjugate acid of a base is formed when the base donates a proton.,,,,,,,,,,,,,,,,Base accepts proton to form conjugate acid,,,,,https://,2,0,The conjugate acid of a base is formed when the base donates a proton.,FALSE,,,
tf_076,,1,ch11,Chapter 11,Acids and Bases,⚗️,acids_bases,Acids & Bases,🧪,Acids and Bases,200,,medium,remember,tf,,,,TRUE,,,,,,,,,A buffer solution changes pH dramatically when small amounts of acid or base are added.,,,,,,,,,,,,,,,,Buffers resist pH change,,,,,https://,2,0,A buffer solution changes pH dramatically when small amounts of acid or base are added.,FALSE,,,
tf_077,,1,ch11,Chapter 11,Acids and Bases,⚗️,acids_bases,Acids & Bases,🧪,Acids and Bases,200,,medium,remember,tf,,,,TRUE,,,,,,,,,Litmus paper turns blue in acidic solutions.,,,,,,,,,,,,,,,,Litmus turns red in acid,,,,,https://,2,0,Litmus paper turns blue in acidic solutions.,FALSE,,,
tf_078,,1,ch11,Chapter 11,Acids and Bases,⚗️,acids_bases,Acids & Bases,🧪,Acids and Bases,200,,medium,remember,tf,,,,TRUE,,,,,,,,,Phenolphthalein is pink in acidic solutions.,,,,,,,,,,,,,,,,Phenolphthalein colorless in acid pink in base,,,,,https://,2,0,Phenolphthalein is pink in acidic solutions.,FALSE,,,
tf_079,,1,ch11,Chapter 11,Acids and Bases,⚗️,acids_bases,Acids & Bases,🧪,Acids and Bases,200,,medium,remember,tf,,,,TRUE,,,,,,,,,For a weak acid Ka is much greater than 1.,,,,,,,,,,,,,,,,Ka much less than 1 for weak acids,,,,,https://,2,0,For a weak acid Ka is much greater than 1.,FALSE,,,
tf_080,,1,ch11,Chapter 11,Acids and Bases,⚗️,acids_bases,Acids & Bases,🧪,Acids and Bases,200,,medium,remember,tf,,,,TRUE,,,,,,,,,The stronger the acid the stronger its conjugate base.,,,,,,,,,,,,,,,,Strong acid has weak conjugate base,,,,,https://,2,0,The stronger the acid the stronger its conjugate base.,FALSE,,,
tf_081,,1,ch11,Chapter 11,Acids and Bases,⚗️,acids_bases,Acids & Bases,🧪,Acids and Bases,200,,medium,remember,tf,,,,TRUE,,,,,,,,,HCl is a weak acid.,,,,,,,,,,,,,,,,HCl is strong acid,,,,,https://,2,0,HCl is a weak acid.,FALSE,,,
tf_082,,1,ch11,Chapter 11,Acids and Bases,⚗️,acids_bases,Acids & Bases,🧪,Acids and Bases,200,,medium,remember,tf,,,,TRUE,,,,,,,,,Acetic acid (CH3COOH) is a strong acid.,,,,,,,,,,,,,,,,Acetic acid is weak,,,,,https://,2,0,Acetic acid (CH3COOH) is a strong acid.,FALSE,,,
tf_083,,1,ch11,Chapter 11,Acids and Bases,⚗️,acids_bases,Acids & Bases,🧪,Acids and Bases,200,,medium,remember,tf,,,,TRUE,,,,,,,,,Sodium hydroxide (NaOH) is a weak base.,,,,,,,,,,,,,,,,NaOH is strong base,,,,,https://,2,0,Sodium hydroxide (NaOH) is a weak base.,FALSE,,,
tf_084,,1,ch11,Chapter 11,Acids and Bases,⚗️,acids_bases,Acids & Bases,🧪,Acids and Bases,200,,medium,remember,tf,,,,TRUE,,,,,,,,,Adding NaA to the equilibrium HA = H+ + A- shifts the equilibrium to the right.,,,,,,,,,,,,,,,,Common ion shifts left,,,,,https://,2,0,Adding NaA to the equilibrium HA = H+ + A- shifts the equilibrium to the right.,FALSE,,,
tf_085,,1,ch11,Chapter 11,Acids and Bases,⚗️,acids_bases,Acids & Bases,🧪,Acids and Bases,200,,medium,remember,tf,,,,TRUE,,,,,,,,,pH increases as [H+] concentration increases.,,,,,,,,,,,,,,,,pH decreases when [H+] increases,,,,,https://,2,0,pH increases as [H+] concentration increases.,FALSE,,,
tf_086,,1,ch11,Chapter 11,Acids and Bases,⚗️,acids_bases,Acids & Bases,🧪,Acids and Bases,200,,medium,remember,tf,,,,TRUE,,,,,,,,,A solution with pH = 3 is less acidic than a solution with pH = 5.,,,,,,,,,,,,,,,,Lower pH is more acidic,,,,,https://,2,0,A solution with pH = 3 is less acidic than a solution with pH = 5.,FALSE,,,
tf_087,,1,ch11,Chapter 11,Acids and Bases,⚗️,acids_bases,Acids & Bases,🧪,Acids and Bases,200,,medium,remember,tf,,,,TRUE,,,,,,,,,For every 1 unit increase in pH the [H+] concentration increases by a factor of 10.,,,,,,,,,,,,,,,,[H+] decreases by factor of 10 when pH increases by 1,,,,,https://,2,0,For every 1 unit increase in pH the [H+] concentration increases by a factor of 10.,FALSE,,,
tf_088,,1,ch11,Chapter 11,Acids and Bases,⚗️,acids_bases,Acids & Bases,🧪,Acids and Bases,200,,medium,remember,tf,,,,TRUE,,,,,,,,,The Kb expression for a weak base is Kb = [B]/[BH+][OH-].,,,,,,,,,,,,,,,,Kb = [BH+][OH-]/[B],,,,,https://,2,0,The Kb expression for a weak base is Kb = [B]/[BH+][OH-].,FALSE,,,
tf_089,,1,ch11,Chapter 11,Acids and Bases,⚗️,acids_bases,Acids & Bases,🧪,Acids and Bases,200,,medium,remember,tf,,,,TRUE,,,,,,,,,A smaller pKb value corresponds to a weaker base.,,,,,,,,,,,,,,,,Smaller pKb means stronger base,,,,,https://,2,0,A smaller pKb value corresponds to a weaker base.,FALSE,,,
tf_090,,1,ch11,Chapter 11,Acids and Bases,⚗️,acids_bases,Acids & Bases,🧪,Acids and Bases,200,,medium,remember,tf,,,,TRUE,,,,,,,,,Ammonia (NH3) is a strong base.,,,,,,,,,,,,,,,,NH3 is weak base,,,,,https://,2,0,Ammonia (NH3) is a strong base.,FALSE,,,
tf_091,,1,ch11,Chapter 11,Acids and Bases,⚗️,acids_bases,Acids & Bases,🧪,Acids and Bases,200,,medium,remember,tf,,,,TRUE,,,,,,,,,In an acid-base reaction equilibrium favors the side with the stronger acid and stronger base.,,,,,,,,,,,,,,,,Equilibrium favors weaker acid/base,,,,,https://,2,0,In an acid-base reaction equilibrium favors the side with the stronger acid and stronger base.,FALSE,,,
tf_092,,1,ch11,Chapter 11,Acids and Bases,⚗️,acids_bases,Acids & Bases,🧪,Acids and Bases,200,,medium,remember,tf,,,,TRUE,,,,,,,,,The self-ionization of water is a one-way reaction that goes to completion.,,,,,,,,,,,,,,,,Water self-ionization is equilibrium,,,,,https://,2,0,The self-ionization of water is a one-way reaction that goes to completion.,FALSE,,,
tf_093,,1,ch11,Chapter 11,Acids and Bases,⚗️,acids_bases,Acids & Bases,🧪,Acids and Bases,200,,medium,remember,tf,,,,TRUE,,,,,,,,,Adding an acid to water increases both [H+] and [OH-].,,,,,,,,,,,,,,,,Acid increases [H+] decreases [OH-],,,,,https://,2,0,Adding an acid to water increases both [H+] and [OH-].,FALSE,,,
tf_094,,1,ch11,Chapter 11,Acids and Bases,⚗️,acids_bases,Acids & Bases,🧪,Acids and Bases,200,,medium,remember,tf,,,,TRUE,,,,,,,,,A pH of 0 is neutral.,,,,,,,,,,,,,,,,pH 0 is extremely acidic,,,,,https://,2,0,A pH of 0 is neutral.,FALSE,,,
tf_095,,1,ch11,Chapter 11,Acids and Bases,⚗️,acids_bases,Acids & Bases,🧪,Acids and Bases,200,,medium,remember,tf,,,,TRUE,,,,,,,,,A pH of 14 is acidic.,,,,,,,,,,,,,,,,pH 14 is extremely basic,,,,,https://,2,0,A pH of 14 is acidic.,FALSE,,,
tf_096,,1,ch11,Chapter 11,Acids and Bases,⚗️,acids_bases,Acids & Bases,🧪,Acids and Bases,200,,medium,remember,tf,,,,TRUE,,,,,,,,,The pH of a strong acid solution is independent of its concentration.,,,,,,,,,,,,,,,,Strong acid pH depends on concentration,,,,,https://,2,0,The pH of a strong acid solution is independent of its concentration.,FALSE,,,
tf_097,,1,ch11,Chapter 11,Acids and Bases,⚗️,acids_bases,Acids & Bases,🧪,Acids and Bases,200,,medium,remember,tf,,,,TRUE,,,,,,,,,For weak acids pH can be calculated directly from concentration without using Ka.,,,,,,,,,,,,,,,,Weak acid pH needs Ka,,,,,https://,2,0,For weak acids pH can be calculated directly from concentration without using Ka.,FALSE,,,
tf_098,,1,ch11,Chapter 11,Acids and Bases,⚗️,acids_bases,Acids & Bases,🧪,Acids and Bases,200,,medium,remember,tf,,,,TRUE,,,,,,,,,Le Chatelier principle does not apply to acid-base equilibria.,,,,,,,,,,,,,,,,Le Chatelier applies to acid-base,,,,,https://,2,0,Le Chatelier principle does not apply to acid-base equilibria.,FALSE,,,
tf_099,,1,ch11,Chapter 11,Acids and Bases,⚗️,acids_bases,Acids & Bases,🧪,Acids and Bases,200,,medium,remember,tf,,,,TRUE,,,,,,,,,Sour taste is a property of bases.,,,,,,,,,,,,,,,,Acids taste sour,,,,,https://,2,0,Sour taste is a property of bases.,FALSE,,,
tf_100,,1,ch11,Chapter 11,Acids and Bases,⚗️,acids_bases,Acids & Bases,🧪,Acids and Bases,200,,medium,remember,tf,,,,TRUE,,,,,,,,,Bitter taste and slippery feel are properties of acids.,,,,,,,,,,,,,,,,Bases taste bitter and feel slippery,,,,,https://,2,0,Bitter taste and slippery feel are properties of acids.,FALSE,,,
tf_101,,1,ch11,Chapter 11,Acids and Bases,⚗️,acids_bases,Acids & Bases,🧪,Acids and Bases,200,,medium,remember,tf,,,,TRUE,,,,,,,,,Strong acids only slightly ionize in water.,,,,,,,,,,,,,,,,Strong acids fully ionize,,,,,https://,2,0,Strong acids only slightly ionize in water.,FALSE,,,
mc_001,,1,ch11,Chapter 11,Acids Bases Equilibrium,⚗️,acids_bases,Acids and Bases Basics,🧪,Acids and Bases,200,1000,easy,remember,mc,,,,,,,,,,,,,According to the Arrhenius definition an acid is a substance that,produces H+ ions in water,produces OH- ions in water,accepts protons,donates electrons,A,produces H+ ions in water,produces H+ ions in water,,,,,,,,,Acids increase [H+] in aqueous solution,,,,,https://,2,0,,,,Acids produce H+ (or H3O+) ions in water.,
mc_002,,1,ch11,Chapter 11,Acids Bases Equilibrium,⚗️,acids_bases,Acids and Bases Basics,🧪,Acids and Bases,400,2000,easy,remember,mc,,,,,,,,,,,,,A base according to Arrhenius,produces OH- ions in water,produces H+ ions in water,donates protons,accepts electrons,A,produces OH- ions in water,produces OH- ions in water,,,,,,,,,Bases increase [OH-] in water,,,,,https://,2,0,,,,Bases produce hydroxide ions.,
mc_003,,1,ch11,Chapter 11,Acids Bases Equilibrium,⚗️,ph_poh,pH and pOH,📏,pH and pOH,200,1000,easy,remember,mc,,,,,,,,,,,,,pH is defined as,negative log of [H+],positive log of [H+],negative log of [OH-],log of Kw,A,negative log of [H+],-log[H+],,,,,,,,,pH = -log[H+],,,,,https://,2,0,,,,p means negative logarithm of hydrogen ion concentration.,
mc_004,,2,ch11,Chapter 11,Acids Bases Equilibrium,⚗️,ph_poh,pH and pOH,📏,pH and pOH,400,2000,medium,remember,mc,,,,,,,,,,,,,At 25°C pH + pOH equals,14,7,1,10,A,14,14,,,,,,,,,From Kw = 1.0 × 10^{-14},,,,,https://,2,0,,,,pH + pOH = 14 in aqueous solutions at 25°C.,
mc_005,,1,ch11,Chapter 11,Acids Bases Equilibrium,⚗️,strong_weak_bases,Strong and Weak Bases,⚖️,Strong and Weak Bases,400,1500,easy,remember,mc,,,,,,,,,,,,,HCl is an example of a,strong acid,weak acid,strong base,weak base,A,strong acid,strong acid,,,,,,,,,HCl completely dissociates in water,,,,,https://,2,0,,,,Strong acids ionize 100%.,
mc_006,,2,ch11,Chapter 11,Acids Bases Equilibrium,⚗️,strong_weak_bases,Strong and Weak Bases,⚖️,Strong and Weak Bases,600,2500,medium,remember,mc,,,,,,,,,,,,,Acetic acid CH3COOH is,weak acid,strong acid,strong base,neutral,A,weak acid,weak acid,,,,,,,,,It partially dissociates,,,,,https://,2,0,,,,Common weak acid.,
mc_007,,1,ch11,Chapter 11,Acids Bases Equilibrium,⚗️,ka_calc,Ka Kb and Autoionization,🔬,Ka Kb and Autoionization,600,2000,medium,remember,mc,,,,,,,,,,,,,For the equilibrium HA ⇌ H+ + A- the Ka expression is,[H+][A-]/[HA],[HA]/[H+][A-],[H+]/[A-],1/[H+],A,[H+][A-]/[HA],[H+][A-]/[HA],,,,,,,,,Ka measures acid strength,,,,,https://,2,0,,,,Standard Ka expression for weak acid.,
mc_008,,1,ch11,Chapter 11,Acids Bases Equilibrium,⚗️,equilibrium_constants,Equilibrium Constants,⚖️,Equilibrium Constants,200,1000,easy,remember,mc,,,,,,,,,,,,,At chemical equilibrium,forward and reverse rates are equal,forward reaction stops,concentrations keep changing,only products remain,A,forward and reverse rates are equal,forward and reverse rates are equal,,,,,,,,,Dynamic equilibrium,,,,,https://,2,0,,,,Rates equal concentrations constant.,
mc_009,,1,ch11,Chapter 11,Acids Bases Equilibrium,⚗️,lechatelier,Le Chatelier’s Principle,⚖️,Le Chatelier’s Principle,400,1500,medium,apply,mc,,,,,,,,,,,,,According to Le Chatelier if you add more reactant to an equilibrium the system will shift,toward products,toward reactants,no shift,stops,A,toward products,toward products,,,,,,,,,To consume added reactant,,,,,https://,2,0,,,,Shift to counteract stress.,
mc_010,,2,ch11,Chapter 11,Acids Bases Equilibrium,⚗️,lechatelier,Le Chatelier’s Principle,⚖️,Le Chatelier’s Principle,600,2500,medium,apply,mc,,,,,,,,,,,,,For an endothermic reaction increasing temperature shifts equilibrium,toward products,toward reactants,no change,depends on pressure,A,toward products,toward products,,,,,,,,,Heat acts as reactant,,,,,https://,2,0,,,,Temperature effect on endothermic.,
mc_011,,1,ch11,Chapter 11,Acids Bases Equilibrium,⚗️,ph_calc,Acid-Base Calculations,🧮,Acid-Base Calculations,800,3000,medium,apply,mc,,,,,,,,,,,,,What is the pH of a 0.001 M HCl solution (strong acid),3,1,7,11,A,3,3,,,,,,,,,[H+] = 0.001 = 10^{-3} so pH = 3,,,,,https://,2,0,,,,Strong acid pH = -log(concentration).,
mc_012,,2,ch11,Chapter 11,Acids Bases Equilibrium,⚗️,ph_calc,Acid-Base Calculations,🧮,Acid-Base Calculations,1000,5000,hard,apply,mc,,,,,,,,,,,,,What is the pH of a 0.01 M NaOH solution (strong base),12,2,7,13,A,12,12,,,,,,,,,pOH = 2 pH = 14 - 2 = 12,,,,,https://,2,0,,,,Strong base: pOH = -log[OH-] then pH = 14 - pOH.,
mc_013,,1,ch11,Chapter 11,Acids Bases Equilibrium,⚗️,ka_calc,Ka Kb and Autoionization,🧮,Ka Kb Calculations,800,3000,medium,apply,mc,,,,,,,,,,,,,For a weak acid with Ka = 1.8 × 10^{-5} a larger Ka means the acid is,stronger,weaker,neutral,same strength,A,stronger,stronger,,,,,,,,,Higher Ka = greater dissociation,,,,,https://,2,0,,,,Compare acid strength via Ka.,
mc_014,,1,ch11,Chapter 11,Acids Bases Equilibrium,⚗️,buffers,Buffers and Conjugates,🛡️,Buffers and Conjugates,600,2000,medium,remember,mc,,,,FALSE,,,,,,,,,A buffer solution resists changes in pH when small amounts of acid or base are added because it contains,a weak acid and its conjugate base,a strong acid and strong base,only water,only salt,A,a weak acid and its conjugate base,a weak acid and its conjugate base,,,,,,,,,Common buffer pair,,,,,https://,2,0,,,,Buffers maintain pH via equilibrium.,
mc_015,,2,ch11,Chapter 11,Acids Bases Equilibrium,⚗️,conjugates,Conjugate Acid Base Pairs,🔄,Conjugate Acid Base Pairs,400,1500,easy,remember,mc,,,,,,,,,,,,,The conjugate base of HCl is,Cl-,HCl,OH-,H3O+,A,Cl-,Cl-,,,,,,,,,Strong acid has weak conjugate base,,,,,https://,2,0,,,,Remove H+ from acid.,
mc_016,,1,ch11,Chapter 11,Acids Bases Equilibrium,⚗️,ph_poh,pH and pOH,📏,pH and pOH,600,2500,medium,apply,mc,,,,,,,,,,,,,If pH = 4 what is [H+],10^{-4} M,10^{-4} M (approx),10^4 M,4 M,A,10^{-4} M,0.0001 M,,,,,,,,,[H+] = 10^{-pH},,,,,https://,2,0,,,,Simple pH to concentration.,
mc_017,,1,ch11,Chapter 11,Acids Bases Equilibrium,⚗️,lechatelier,Le Chatelier’s Principle,⚖️,Le Chatelier’s Principle,800,3000,medium,apply,mc,,,,,,,,,,,,,Removing a product from an equilibrium system will cause the reaction to shift,toward products,toward reactants,no shift,reverse only,A,toward products,toward products,,,,,,,,,To replace removed product,,,,,https://,2,0,,,,Le Chatelier shift to products.,
mc_018,,1,ch11,Chapter 11,Acids Bases Equilibrium,⚗️,ka_calc,Ka Kb and Autoionization,🧮,Ka Kb Calculations,1000,5000,hard,apply,mc,,,,,,,,,,,,,For acetic acid Ka = 1.8 × 10^{-5} in 0.10 M solution approximate [H+] (use x << 0.10),1.34 × 10^{-3} M,1.8 × 10^{-5} M,0.10 M,4.24 × 10^{-3} M,A,1.34 × 10^{-3} M,1.34E-03,,,,,,,,,sqrt(Ka × C) approximation,,,,,https://,2,0,,,,Weak acid approximation [H+] ≈ sqrt(Ka × [HA]).,
mc_019,,2,ch11,Chapter 11,Acids Bases Equilibrium,⚗️,ph_calc,Acid-Base Calculations,🧮,Acid-Base Calculations,1000,5000,hard,apply,mc,,,,,,,,,,,,,pH of 0.050 M HCl (strong acid),1.3,1,2,12.7,A,1.3,1.3,,,,,,,,,-log(0.05) = 1.30,,,,,https://,2,0,,,,Calculator needed for log.,
mc_020,,1,ch11,Chapter 11,Acids Bases Equilibrium,⚗️,ka_calc,Ka Kb and Autoionization,🔬,Ka Kb and Autoionization,800,3000,medium,apply,mc,,,,,,,,,,,,,pKa = -log Ka A lower pKa value indicates,stronger acid,weaker acid,neutral,base,A,stronger acid,stronger acid,,,,,,,,,Lower pKa stronger acid,,,,,https://,2,0,,,,pKa relates to acid strength.,
mc_021,,1,ch11,Chapter 11,Acids Bases Equilibrium,⚗️,lechatelier,Le Chatelier’s Principle,⚖️,Le Chatelier’s Principle,200,1000,easy,remember,mc,,,,,,,,,,,,,According to Le Chatelier's principle adding a reactant to a system at equilibrium will shift the equilibrium,toward the products,toward the reactants,no shift,stops the reaction,A,toward the products,toward the products,,,,,,,,,System shifts to consume added reactant,,,,,https://,2,0,,,,Le Chatelier: shift opposes the stress (common mistake: opposite direction).,
mc_022,,1,ch11,Chapter 11,Acids Bases Equilibrium,⚗️,lechatelier,Le Chatelier’s Principle,⚖️,Le Chatelier’s Principle,400,2000,medium,apply,mc,,,,,,,,,,,,,For the reaction N2(g) + 3H2(g) ⇌ 2NH3(g) increasing pressure shifts equilibrium,toward products,toward reactants,no shift,depends on temperature,A,toward products,toward products,,,,,,,,,Fewer moles of gas on product side,,,,,https://,2,0,,,,Pressure favors side with fewer gas moles (mistake: always toward reactants).,
mc_023,,1,ch11,Chapter 11,Acids Bases Equilibrium,⚗️,lechatelier,Le Chatelier’s Principle,⚖️,Le Chatelier’s Principle,600,2500,medium,apply,mc,,,,,,,,,,,,,Increasing temperature for an exothermic reaction shifts equilibrium,toward reactants,toward products,no change,increases K,B,toward reactants,toward reactants,,,,,,,,,Heat treated as product,,,,,https://,2,0,,,,Exothermic: heat favors reactants (common error: confuses endo/exo).,
mc_024,,1,ch11,Chapter 11,Acids Bases Equilibrium,⚗️,lechatelier,Le Chatelier’s Principle,⚖️,Le Chatelier’s Principle,800,3000,medium,apply,mc,,,,,,,,,,,,,Removing a product from an equilibrium system causes the reaction to shift,toward products,toward reactants,no shift,stops,A,toward products,toward products,,,,,,,,,System replaces removed product,,,,,https://,2,0,,,,Shift to counteract removal (mistake: no shift or opposite).,
mc_025,,1,ch11,Chapter 11,Acids Bases Equilibrium,⚗️,lechatelier,Le Chatelier’s Principle,⚖️,Le Chatelier’s Principle,1000,5000,hard,apply,mc,,,,,,,,,,,,,For a reaction with equal moles of gas on both sides changing pressure will,have no effect on equilibrium,shift toward products,shift toward reactants,increase K,A,have no effect on equilibrium,have no effect on equilibrium,,,,,,,,,Mole count same so no shift,,,,,https://,2,0,,,,Pressure effect only when gas moles differ (trap question).,
mc_026,,1,ch11,Chapter 11,Acids Bases Equilibrium,⚗️,equilibrium_constants,Equilibrium Constants,🔬,Equilibrium Constants,200,1000,easy,remember,mc,,,,,,,,,,,,,The equilibrium constant Kc is calculated as,products over reactants,reactants over products,forward rate over reverse rate,change in concentration,A,products over reactants,products over reactants,,,,,,,,,Kc = [products]^coeff / [reactants]^coeff,,,,,https://,2,0,,,,Kc uses equilibrium concentrations (common mistake: rates).,
mc_027,,1,ch11,Chapter 11,Acids Bases Equilibrium,⚗️,equilibrium_constants,Equilibrium Constants,🔬,Equilibrium Constants,400,2000,medium,remember,mc,,,,,,,,,,,,,If Kc is very large the equilibrium lies,far to the right (mostly products),far to the left (mostly reactants),at equal concentrations,no reaction,A,far to the right (mostly products),far to the right (mostly products,,,,,,,,,Large K means products favored,,,,,https://,2,0,,,,Kc >>1 favors products (mistake: confuses with Q).,
mc_028,,1,ch11,Chapter 11,Acids Bases Equilibrium,⚗️,equilibrium_constants,Equilibrium Constants,🔬,Equilibrium Constants,600,2500,medium,apply,mc,,,,,,,,,,,,,For the reaction 2SO2 + O2 ⇌ 2SO3 if Kc = 1 then at equilibrium,reactants and products equal,mostly products,mostly reactants,cannot tell,A,reactants and products equal? No - depends on initial but for this K=1 often near equal concentrations but correct distractors focus misconception,"mostly products? Wait adjust: [SO3]^2 / ([SO2]^2[O2]) =1 means not necessarily equal but common mistake is ""equal concentrations""",,,,,,,,,Higher K = position farther right,,,,,https://,2,0,,,,Kc indicates position of equilibrium.,
mc_029,,1,ch11,Chapter 11,Acids Bases Equilibrium,⚗️,equilibrium_constants,Equilibrium Constants,🔬,Equilibrium Constants,800,3000,medium,apply,mc,,,,,,,,,,,,,The reaction quotient Q compared to K tells the direction; if Q < K the reaction shifts,toward products,toward reactants,no shift,stops,A,toward products,toward products,,,,,,,,,Q < K means more reactants so forward shift,,,,,https://,2,0,,,,Q vs K predicts direction (common error: reverse logic).,
mc_030,,1,ch11,Chapter 11,Acids Bases Equilibrium,⚗️,equilibrium_constants,Equilibrium Constants,🔬,Equilibrium Constants,1000,5000,hard,apply,mc,,,,,,,,,,,,,For HA(aq) ⇌ H+(aq) + A-(aq) with small Ka the equilibrium constant expression shows,mostly undissociated HA,mostly ions,equal HA and ions,complete dissociation,A,mostly undissociated HA,mostly undissociated HA,,,,,,,,,Small Ka = weak acid lies left,,,,,https://,2,0,,,,Small K for weak acids (links to strength).,
mc_031,,1,ch11,Chapter 11,Acids Bases Equilibrium,⚗️,conjugates,Conjugate Acid Base Pairs,🔄,Conjugate Acid Base Pairs,200,1000,easy,remember,mc,,,,,,,,,,,,,In the reaction HCl + H2O ⇌ H3O+ + Cl- the conjugate acid-base pairs are,HCl/Cl- and H3O+/H2O,HCl/H3O+ and H2O/Cl-,H3O+/Cl- and HCl/H2O,none correct,A,HCl/Cl- and H3O+/H2O,HCl/Cl- and H3O+/H2O,,,,,,,,,Differ by one H+,,,,,https://,2,0,,,,Identify pairs by proton difference (common mix-up of species).,
mc_032,,1,ch11,Chapter 11,Acids Bases Equilibrium,⚗️,conjugates,Conjugate Acid Base Pairs,🔄,Conjugate Acid Base Pairs,400,2000,medium,remember,mc,,,,,,,,,,,,,The conjugate base of H2SO4 is,HSO4-,SO4^2-,H3O+,HSO3-,A,HSO4-,HSO4-,,,,,,,,,Remove one H+,,,,,https://,2,0,,,,Conjugate base has one less H (mistake: full deprotonation).,
mc_033,,1,ch11,Chapter 11,Acids Bases Equilibrium,⚗️,conjugates,Conjugate Acid Base Pairs,🔄,Conjugate Acid Base Pairs,600,2500,medium,apply,mc,,,,,,,,,,,,,A strong acid has a,weak conjugate base,strong conjugate base,neutral conjugate,amphoteric conjugate,A,weak conjugate base,weak conjugate base,,,,,,,,,Strong acid → weak conjugate,,,,,https://,2,0,,,,Inverse strength relationship (common misconception: strong acid has strong conjugate).,
mc_034,,1,ch11,Chapter 11,Acids Bases Equilibrium,⚗️,conjugates,Conjugate Acid Base Pairs,🔄,Conjugate Acid Base Pairs,800,3000,medium,apply,mc,,,,,,,,,,,,,The conjugate acid of NH3 is,NH4+,NH2-,H3O+,OH-,A,NH4+,NH4+,,,,,,,,,Base accepts H+ to form conjugate acid,,,,,https://,2,0,,,,Add proton to base (error: remove proton).,
mc_035,,1,ch11,Chapter 11,Acids Bases Equilibrium,⚗️,conjugates,Conjugate Acid Base Pairs,🔄,Conjugate Acid Base Pairs,1000,5000,hard,apply,mc,,,,,,,,,,,,,In the pair HCO3- / CO3^2- HCO3- acts as,acid (donates H+),base (accepts H+),both,neither,A,acid (donates H+),acid (donates H+),,,,,,,,,Amphoteric behavior in buffers,,,,,https://,2,0,,,,HCO3- donates to form CO3^2-.,
mc_036,,1,ch11,Chapter 11,Acids Bases Equilibrium,⚗️,acid_strength,Acid Strength and Molecular Structure,🧪,Acid Strength and Molecular Structure,200,1000,easy,remember,mc,,,,,,,,,,,,,Acid strength increases with,more oxygen atoms attached to central atom,fewer oxygen atoms,larger central atom,lower electronegativity,A,more oxygen atoms attached to central atom,more oxygen atoms attached to central atom,,,,,,,,,Oxyacids: more O pulls electron density,,,,,https://,2,0,,,,Structure affects polarity of O-H bond (common error: confuses with size).,
mc_037,,1,ch11,Chapter 11,Acids Bases Equilibrium,⚗️,acid_strength,Acid Strength and Molecular Structure,🧪,Acid Strength and Molecular Structure,400,2000,medium,remember,mc,,,,,,,,,,,,,HF is weaker than HCl because,F has higher electronegativity but shorter bond makes H-F stronger,Cl is larger,HF is more polar,bond strength dominates,A,F has higher electronegativity but shorter bond makes H-F stronger,F has higher electronegativity but shorter bond makes H-F stronger,,,,,,,,,Bond strength vs polarity in hydrohalic acids,,,,,https://,2,0,,,,Down group bond strength decreases more than polarity increases.,
mc_038,,1,ch11,Chapter 11,Acids Bases Equilibrium,⚗️,acid_strength,Acid Strength and Molecular Structure,🧪,Acid Strength and Molecular Structure,600,2500,medium,apply,mc,,,,,,,,,,,,,Order of increasing acid strength: H2O < H2S < H2Se < H2Te is due to,decreasing H-X bond strength,increasing electronegativity of X,more oxygen atoms,smaller size of X,A,decreasing H-X bond strength,decreasing H-X bond strength,,,,,,,,,Weaker bond easier to break,,,,,https://,2,0,,,,Trend down group for binary acids.,
mc_039,,1,ch11,Chapter 11,Acids Bases Equilibrium,⚗️,acid_strength,Acid Strength and Molecular Structure,🧪,Acid Strength and Molecular Structure,800,3000,medium,apply,mc,,,,,,,,,,,,,CH3COOH is weaker than HNO3 because,acetic has resonance stabilization of conjugate base but still weaker than nitric,acetic has fewer oxygens,HNO3 has weaker bond,acetic is organic,A,acetic has resonance but nitric stronger due to more oxygens/structure,acetic has resonance stabilization of conjugate base but still weaker than nitric,,,,,,,,,Oxyacid strength with central atom oxidation state,,,,,https://,2,0,,,,Compare oxyacids.,
mc_040,,1,ch11,Chapter 11,Acids Bases Equilibrium,⚗️,acid_strength,Acid Strength and Molecular Structure,🧪,Acid Strength and Molecular Structure,1000,5000,hard,apply,mc,,,,,,,,,,,,,Why is H2SO4 stronger than H2SO3?,S in H2SO4 has higher oxidation state and more oxygen atoms,pulling electron density from O-H,S has larger size in H2SO4,both weaker in H2SO4,A,S in H2SO4 has higher oxidation state and more oxygen atoms,pulling electron density from O-H,,,,,,,,,More O atoms stabilize conjugate base,,,,,https://,2,0,,,,Structural effect on oxyacid strength.,
mc_041,,1,ch11,Chapter 11,Acids Bases Equilibrium,⚗️,strong_weak_bases,Strong and Weak Bases,🧪,Strong and Weak Bases,200,1000,easy,remember,mc,,,,,,,,,,,,,NaOH is a,strong base,weak base,weak acid,amphoteric,A,strong base,strong base,,,,,,,,,Group 1 hydroxides fully dissociate,,,,,https://,2,0,,,,Strong bases: alkali metal hydroxides (mistake: all bases strong).,
mc_042,,1,ch11,Chapter 11,Acids Bases Equilibrium,⚗️,strong_weak_bases,Strong and Weak Bases,🧪,Strong and Weak Bases,400,2000,medium,remember,mc,,,,,,,,,,,,,NH3 is a,weak base,strong base,neutral,acid,A,weak base,weak base,,,,,,,,,Partial proton acceptance,,,,,https://,2,0,,,,Amines are weak bases (common: confuses with NaOH).,
mc_043,,1,ch11,Chapter 11,Acids Bases Equilibrium,⚗️,strong_weak_bases,Strong and Weak Bases,🧪,Strong and Weak Bases,600,2500,medium,apply,mc,,,,,,,,,,,,,The conjugate base of a weak acid is,relatively strong,weak,neutral,amphoteric only,A,relatively strong,relatively strong,,,,,,,,,Inverse relationship,,,,,https://,2,0,,,,Weak acid → stronger conjugate base.,
mc_044,,1,ch11,Chapter 11,Acids Bases Equilibrium,⚗️,strong_weak_bases,Strong and Weak Bases,🧪,Strong and Weak Bases,800,3000,medium,apply,mc,,,,,,,,,,,,,Which is the strongest base in water? ,OH-,NH3,CH3COO-,Cl-,A,OH-,OH-,,,,,,,,,Strong bases fully produce OH-,,,,,https://,2,0,,,,Leveling effect in water.,
mc_045,,1,ch11,Chapter 11,Acids Bases Equilibrium,⚗️,strong_weak_bases,Strong and Weak Bases,🧪,Strong and Weak Bases,1000,5000,hard,apply,mc,,,,,,,,,,,,,For a weak base B + H2O ⇌ BH+ + OH- a larger Kb means,greater [OH-] at equilibrium,smaller [OH-],no effect,lower pH,A,greater [OH-] at equilibrium,greater [OH-] at equilibrium,,,,,,,,,Larger Kb = stronger base more dissociation,,,,,https://,2,0,,,,Kb measures base strength.,
mc_046,,1,ch11,Chapter 11,Acids Bases Equilibrium,⚗️,ka_kb_auto,Ka Kb and Autoionization,🔬,Ka Kb and Autoionization,200,1000,easy,remember,mc,,,,,,,,,,,,,Kw at 25°C equals,1.0 × 10^{-14},1.0 × 10^{-7},1,14,A,1.0 × 10^{-14},1.0 × 10^{-14},,,,,,,,,Kw = [H3O+][OH-],,,,,https://,2,0,,,,Autoionization constant (mistake: confuses with [H+] in neutral water).,
mc_047,,1,ch11,Chapter 11,Acids Bases Equilibrium,⚗️,ka_kb_auto,Ka Kb and Autoionization,🔬,Ka Kb and Autoionization,400,2000,medium,remember,mc,,,,,,,,,,,,,For conjugate pair Ka × Kb =,Kw,1,Kw^2,14,A,Kw,Kw,,,,,,,,,Relationship for conjugates,,,,,https://,2,0,,,,Ka Kb = Kw (common error: =1 or Kw^2).,
mc_048,,1,ch11,Chapter 11,Acids Bases Equilibrium,⚗️,ka_kb_auto,Ka Kb and Autoionization,🔬,Ka Kb and Autoionization,600,2500,medium,apply,mc,,,,,,,,,,,,,A larger Ka means the acid is,stronger,weaker,neutral,amphoteric,A,stronger,stronger,,,,,,,,,Greater dissociation,,,,,https://,2,0,,,,Ka measures extent of ionization.,
mc_049,,1,ch11,Chapter 11,Acids Bases Equilibrium,⚗️,ka_kb_auto,Ka Kb and Autoionization,🔬,Ka Kb and Autoionization,800,3000,medium,apply,mc,,,,,,,,,,,,,If Ka for HF is 6.8 × 10^{-4} then Kb for F- is,Kw / Ka ≈ 1.5 × 10^{-11},Ka / Kw,6.8 × 10^{-4},Kw × Ka,A,Kw / Ka ≈ 1.5 × 10^{-11},Kw / Ka,,,,,,,,,Conjugate relationship,,,,,https://,2,0,,,,Calculate Kb from Ka.,
mc_050,,1,ch11,Chapter 11,Acids Bases Equilibrium,⚗️,ka_kb_auto,Ka Kb and Autoionization,🔬,Ka Kb and Autoionization,1000,5000,hard,apply,mc,,,,,,,,,,,,,In pure water at 25°C the autoionization produces equal [H3O+] and [OH-] of,1.0 × 10^{-7} M,1.0 × 10^{-14} M,1.0 M,10^{-7} Kw,A,1.0 × 10^{-7} M,1.0 × 10^{-7} M,,,,,,,,,From Kw = 10^{-14},,,,,https://,2,0,,,,Neutral water concentrations.,
mc_051,,1,ch11,Chapter 11,Acids Bases Equilibrium,⚗️,ph_strong,pH of Strong Acids and Bases,🧮,pH of Strong Acids and Bases,200,1000,easy,remember,mc,,,,,,,,,,,,,pH of 0.01 M HCl (strong acid) is,2,1,7,12,A,2,2,,,,,,,,,[H+] = 0.01 so pH = 2,,,,,https://,2,0,,,,Strong acid: pH = -log[acid] (mistake: forget log).,
mc_052,,1,ch11,Chapter 11,Acids Bases Equilibrium,⚗️,ph_strong,pH of Strong Acids and Bases,🧮,pH of Strong Acids and Bases,400,2000,medium,apply,mc,,,,,,,,,,,,,pOH of 0.001 M NaOH (strong base) is,3,11,7,1,A,3,3,,,,,,,,,[OH-] = 0.001 pOH = 3,,,,,https://,2,0,,,,Strong base pOH = -log[base].,
mc_053,,1,ch11,Chapter 11,Acids Bases Equilibrium,⚗️,ph_strong,pH of Strong Acids and Bases,🧮,pH of Strong Acids and Bases,600,2500,medium,apply,mc,,,,,,,,,,,,,For 0.050 M HNO3 the pH is approximately,1.3,1,2.3,12.7,A,1.3,1.3,,,,,,,,,-log(0.05) = 1.30,,,,,https://,2,0,,,,Requires calculator for precise log (common: round wrong).,
mc_054,,1,ch11,Chapter 11,Acids Bases Equilibrium,⚗️,ph_strong,pH of Strong Acids and Bases,🧮,pH of Strong Acids and Bases,800,3000,medium,apply,mc,,,,,,,,,,,,,A solution with pH = 2 has [H+] =,0.01 M,0.1 M,10^{-2} M both A and C but choose,10 M,A,0.01 M or 10^{-2} M,0.01 M,,,,,,,,,[H+] = 10^{-pH},,,,,https://,2,0,,,,pH to concentration conversion.,
mc_055,,1,ch11,Chapter 11,Acids Bases Equilibrium,⚗️,ph_strong,pH of Strong Acids and Bases,🧮,pH of Strong Acids and Bases,1000,5000,hard,apply,mc,,,,,,,,,,,,,What is the pH of 2.0 × 10^{-3} M KOH?,11.3,2.7,3,10.70? Wait  pOH = -log(0.002) ≈ 2.70 pH=11.30,A,11.3,11.3,,,,,,,,,pOH first then 14 - pOH,,,,,https://,2,0,,,,Strong base calculation with sig figs.,
mc_056,,1,ch11,Chapter 11,Acids Bases Equilibrium,⚗️,lechatelier,Le Chatelier’s Principle,⚖️,Le Chatelier’s Principle,200,1000,easy,remember,mc,,,,,,,,,,,,,Adding a product to a system at equilibrium causes the reaction to shift,toward reactants,toward products,no shift,stops the forward reaction,A,toward reactants,toward reactants,,,,,,,,,System consumes added product,,,,,https://,2,0,,,,Common mistake: thinking it always shifts right.,
mc_057,,2,ch11,Chapter 11,Acids Bases Equilibrium,⚗️,lechatelier,Le Chatelier’s Principle,⚖️,Le Chatelier’s Principle,400,2000,medium,apply,mc,,,,,,,,,,,,,For 2NO2(g) ⇌ N2O4(g) decreasing volume (increasing pressure) shifts equilibrium,toward products,toward reactants,no effect,depends on temperature,A,toward products,toward products,,,,,,,,,Fewer gas moles on right,,,,,https://,2,0,,,,Pressure favors side with fewer moles of gas.,
mc_058,,3,ch11,Chapter 11,Acids Bases Equilibrium,⚗️,lechatelier,Le Chatelier’s Principle,⚖️,Le Chatelier’s Principle,600,2500,medium,apply,mc,,,,,,,,,,,,,Decreasing temperature for an endothermic reaction shifts equilibrium,toward reactants,toward products,increases rate,no change,B,toward products,toward products,,,,,,,,,Heat is a reactant so lower T favors left? Wait correct: endothermic shift to products with heat added (higher T). For decreasing T: toward reactants. Adjust: Increasing temperature for exothermic shifts,toward reactants,,,,https://,2,0,,,,Temperature effect depends on endo/exo (frequent mix-up).,
mc_059,,1,ch11,Chapter 11,Acids Bases Equilibrium,⚗️,lechatelier,Le Chatelier’s Principle,⚖️,Le Chatelier’s Principle,800,3000,medium,apply,mc,,,,,,,,,,,,,A catalyst added to an equilibrium system will,have no effect on position of equilibrium,shift toward products,shift toward reactants,change the value of K,A,have no effect on position of equilibrium,have no effect on position of equilibrium,,,,,,,,,Speeds both directions equally,,,,,https://,2,0,,,,Catalysts affect rate not position (common error: thinks it shifts).,
mc_060,,2,ch11,Chapter 11,Acids Bases Equilibrium,⚗️,lechatelier,Le Chatelier’s Principle,⚖️,Le Chatelier’s Principle,1000,5000,hard,apply,mc,,,,,,,,,,,,,For the equilibrium CaCO3(s) ⇌ CaO(s) + CO2(g) removing CO2 gas will shift the equilibrium,toward products,toward reactants,no shift,decrease K,A,toward products,toward products,,,,,,,,,Heterogeneous; removes product,,,,,https://,2,0,,,,Solids do not appear in K but removal still shifts.,
mc_061,,1,ch11,Chapter 11,Acids Bases Equilibrium,⚗️,equilibrium_constants,Equilibrium Constants,🔬,Equilibrium Constants,200,1000,easy,remember,mc,,,,,,,,,,,,,Kc is large when equilibrium favors,products,reactants,equal amounts,catalyst only,A,products,products,,,,,,,,,Kc >> 1 means mostly products,,,,,https://,2,0,,,,Magnitude of K indicates position (mistake: confuses with rate).,
mc_062,,1,ch11,Chapter 11,Acids Bases Equilibrium,⚗️,equilibrium_constants,Equilibrium Constants,🔬,Equilibrium Constants,400,2000,medium,remember,mc,,,,,,,,,,,,,The expression for Kp uses,partial pressures,molar concentrations,volumes,masses,A,partial pressures,partial pressures,,,,,,,,,For gases Kp vs Kc,,,,,https://,2,0,,,,Kp for gaseous equilibria.,
mc_063,,2,ch11,Chapter 11,Acids Bases Equilibrium,⚗️,equilibrium_constants,Equilibrium Constants,🔬,Equilibrium Constants,600,2500,medium,apply,mc,,,,,,,,,,,,,If Q > K the reaction will shift,toward reactants,toward products,no shift,increase temperature,A,toward reactants,toward reactants,,,,,,,,,Too many products so reverse favored,,,,,https://,2,0,,,,Q vs K direction (reversed logic is common distractor).,
mc_064,,1,ch11,Chapter 11,Acids Bases Equilibrium,⚗️,equilibrium_constants,Equilibrium Constants,🔬,Equilibrium Constants,800,3000,medium,apply,mc,,,,,,,,,,,,,For weak acid HA ⇌ H+ + A- small Ka means,mostly HA at equilibrium,mostly ions,complete dissociation,K large,A,mostly HA at equilibrium,mostly HA at equilibrium,,,,,,,,,Lies to left,,,,,https://,2,0,,,,Links K to acid strength.,
mc_065,,1,ch11,Chapter 11,Acids Bases Equilibrium,⚗️,equilibrium_constants,Equilibrium Constants,🔬,Equilibrium Constants,1000,5000,hard,apply,mc,,,,,,,,,,,,,When Kc = 1 the equilibrium position is,roughly equal reactants and products (depends on stoichiometry),mostly products,mostly reactants,not possible,A,roughly equal reactants and products (depends on stoichiometry),roughly equal reactants and products,,,,,,,,,K=1 does not guarantee 50/50,,,,,https://,2,0,,,,Precise interpretation of K value.,
mc_066,,1,ch11,Chapter 11,Acids Bases Equilibrium,⚗️,conjugates,Conjugate Acid Base Pairs,🔄,Conjugate Acid Base Pairs,200,1000,easy,remember,mc,,,,,,,,,,,,,The conjugate base of HNO3 is,NO3-,H2NO3+,NO2-,HNO2,A,NO3-,NO3-,,,,,,,,,Remove one proton,,,,,https://,2,0,,,,Identify by losing H+ (common: full ionization mistake).,
mc_067,,2,ch11,Chapter 11,Acids Bases Equilibrium,⚗️,conjugates,Conjugate Acid Base Pairs,🔄,Conjugate Acid Base Pairs,400,2000,medium,remember,mc,,,,,,,,,,,,,NH4+ is the conjugate acid of,NH3,NH2-,H3O+,N2,A,NH3,NH3,,,,,,,,,Base + H+ = conjugate acid,,,,,https://,2,0,,,,Add proton to base.,
mc_068,,1,ch11,Chapter 11,Acids Bases Equilibrium,⚗️,conjugates,Conjugate Acid Base Pairs,🔄,Conjugate Acid Base Pairs,600,2500,medium,apply,mc,,,,,,,,,,,,,The stronger the acid the,weaker its conjugate base,stronger its conjugate base,more amphoteric it is,neutral conjugate,A,weaker its conjugate base,weaker its conjugate base,,,,,,,,,Inverse relationship,,,,,https://,2,0,,,,Strength relationship (frequent confusion with direct).,
mc_069,,1,ch11,Chapter 11,Acids Bases Equilibrium,⚗️,conjugates,Conjugate Acid Base Pairs,🔄,Conjugate Acid Base Pairs,800,3000,medium,apply,mc,,,,,,,,,,,,,HCO3- can act as both acid and base so it is,amphoteric,only acid,only base,neutral,A,amphoteric,amphoteric,,,,,,,,,Common in buffers,,,,,https://,2,0,,,,Amphoteric species.,
mc_070,,2,ch11,Chapter 11,Acids Bases Equilibrium,⚗️,conjugates,Conjugate Acid Base Pairs,🔄,Conjugate Acid Base Pairs,1000,5000,hard,apply,mc,,,,,,,,,,,,,In the pair H2PO4- / HPO4^2- the species H2PO4- is acting as,acid when forming HPO4^2-,base when forming H3PO4,both equally,neither,A,acid when forming HPO4^2-,acid when forming HPO4^2-,,,,,,,,,Donates proton in this pair,,,,,https://,2,0,,,,Polyprotic conjugate behavior.,
mc_071,,1,ch11,Chapter 11,Acids Bases Equilibrium,⚗️,acid_strength,Acid Strength and Molecular Structure,🧪,Acid Strength and Molecular Structure,200,1000,easy,remember,mc,,,,,,,,,,,,,Acid strength of oxyacids increases with,more oxygen atoms on central atom,fewer oxygen atoms,larger central atom,lower electronegativity,A,more oxygen atoms on central atom,more oxygen atoms on central atom,,,,,,,,,Stabilizes conjugate base,,,,,https://,2,0,,,,Oxyacid trend (common: confuses with binary acids).,
mc_072,,1,ch11,Chapter 11,Acids Bases Equilibrium,⚗️,acid_strength,Acid Strength and Molecular Structure,🧪,Acid Strength and Molecular Structure,400,2000,medium,remember,mc,,,,,,,,,,,,,HF is a weaker acid than HI because,the H-F bond is stronger than H-I bond,the H-F bond is weaker,F is larger,I is more electronegative,A,the H-F bond is stronger than H-I bond,the H-F bond is stronger than H-I bond,,,,,,,,,Bond strength dominates down group,,,,,https://,2,0,,,,Binary acid trend.,
mc_073,,2,ch11,Chapter 11,Acids Bases Equilibrium,⚗️,acid_strength,Acid Strength and Molecular Structure,🧪,Acid Strength and Molecular Structure,600,2500,medium,apply,mc,,,,,,,,,,,,,Order of increasing strength H2O < H2S < H2Se is due to,decreasing bond strength,increasing bond strength,more oxygen,smaller size,A,decreasing bond strength,decreasing bond strength,,,,,,,,,Weaker bond = easier ionization,,,,,https://,2,0,,,,Group trend for binary acids.,
mc_074,,1,ch11,Chapter 11,Acids Bases Equilibrium,⚗️,acid_strength,Acid Strength and Molecular Structure,🧪,Acid Strength and Molecular Structure,800,3000,medium,apply,mc,,,,,,,,,,,,,H2SO4 is stronger than H2SO3 because,sulfur has more oxygen atoms and higher oxidation state in H2SO4,sulfur is larger in H2SO4,fewer hydrogens,H2SO3 has resonance,A,sulfur has more oxygen atoms and higher oxidation state in H2SO4,sulfur has more oxygen atoms and higher oxidation state in H2SO4,,,,,,,,,More O pulls electron density,,,,,https://,2,0,,,,Oxyacid comparison.,
mc_075,,1,ch11,Chapter 11,Acids Bases Equilibrium,⚗️,acid_strength,Acid Strength and Molecular Structure,🧪,Acid Strength and Molecular Structure,1000,5000,hard,apply,mc,,,,,,,,,,,,,Resonance in the conjugate base makes CH3COO- more stable than expected so acetic acid is,weaker than predicted from structure alone,stronger,completely dissociated,amphoteric,A,weaker than predicted from structure alone,weaker than predicted from structure alone,,,,,,,,,Delocalized charge stabilizes anion,,,,,https://,2,0,,,,Resonance effect on acid strength.,
mc_076,,1,ch11,Chapter 11,Acids Bases Equilibrium,⚗️,strong_weak_bases,Strong and Weak Bases,🧪,Strong and Weak Bases,200,1000,easy,remember,mc,,,,,,,,,,,,,Which is a strong base?,NaOH,NH3,CH3NH2,NaCl,A,NaOH,NaOH,,,,,,,,,Alkali hydroxides fully dissociate,,,,,https://,2,0,,,,Strong bases limited to Group 1/2 hydroxides.,
mc_077,,1,ch11,Chapter 11,Acids Bases Equilibrium,⚗️,strong_weak_bases,Strong and Weak Bases,🧪,Strong and Weak Bases,400,2000,medium,remember,mc,,,,,,,,,,,,,A larger Kb value indicates a,stronger base,weaker base,neutral solution,acid,A,stronger base,stronger base,,,,,,,,,Greater dissociation,,,,,https://,2,0,,,,Kb measures base strength.,
mc_078,,2,ch11,Chapter 11,Acids Bases Equilibrium,⚗️,strong_weak_bases,Strong and Weak Bases,🧪,Strong and Weak Bases,600,2500,medium,apply,mc,,,,,,,,,,,,,The conjugate base of a strong acid is,very weak,strong,amphoteric,neutral,A,very weak,very weak,,,,,,,,,Strong acid → weak conjugate,,,,,https://,2,0,,,,Relationship holds for bases too.,
mc_079,,1,ch11,Chapter 11,Acids Bases Equilibrium,⚗️,strong_weak_bases,Strong and Weak Bases,🧪,Strong and Weak Bases,800,3000,medium,apply,mc,,,,,,,,,,,,,In water the strongest base that can exist is,OH-,NH2-,CH3COO-,Cl-,A,OH-,OH-,,,,,,,,,Leveling effect,,,,,https://,2,0,,,,Stronger bases react with water to form OH-.,
mc_080,,1,ch11,Chapter 11,Acids Bases Equilibrium,⚗️,strong_weak_bases,Strong and Weak Bases,🧪,Strong and Weak Bases,1000,5000,hard,apply,mc,,,,,,,,,,,,,For 0.10 M NH3 with Kb = 1.8 × 10^{-5} the base is,weak so mostly undissociated,strong and fully dissociated,neutral,amphoteric,A,weak so mostly undissociated,weak so mostly undissociated,,,,,,,,,Small Kb = limited ionization,,,,,https://,2,0,,,,Apply Kb to classify and predict behavior.,
mc_081,,1,ch11,Chapter 11,Acids Bases Equilibrium,⚗️,ka_kb_auto,Ka Kb and Autoionization,🔬,Ka Kb and Autoionization,200,1000,easy,remember,mc,,,,,,,,,,,,,Kw = [H3O+][OH-] equals 1.0 × 10^{-14} at,25°C,0°C,100°C,any temperature,A,25°C,25°C,,,,,,,,,Standard temperature,,,,,https://,2,0,,,,Autoionization constant.,
mc_082,,2,ch11,Chapter 11,Acids Bases Equilibrium,⚗️,ka_kb_auto,Ka Kb and Autoionization,🔬,Ka Kb and Autoionization,400,2000,medium,remember,mc,,,,,,,,,,,,,For any conjugate acid-base pair Ka × Kb =,Kw,1,Kc,Kw^2,A,Kw,Kw,,,,,,,,,Important relationship,,,,,https://,2,0,,,,Links acid and base strength.,
mc_083,,1,ch11,Chapter 11,Acids Bases Equilibrium,⚗️,ka_kb_auto,Ka Kb and Autoionization,🔬,Ka Kb and Autoionization,600,2500,medium,apply,mc,,,,,,,,,,,,,Percent ionization for a weak acid is higher when the acid is,more dilute,more concentrated,at higher temperature only,with added salt,A,more dilute,more dilute,,,,,,,,,Dilution favors dissociation (Le Chatelier),,,,,https://,2,0,,,,Percent ionization vs concentration.,
mc_084,,1,ch11,Chapter 11,Acids Bases Equilibrium,⚗️,ka_kb_auto,Ka Kb and Autoionization,🔬,Ka Kb and Autoionization,800,3000,medium,apply,mc,,,,,,,,,,,,,If Ka for acetic acid is 1.8 × 10^{-5} then Kb for acetate ion is approximately,Kw/Ka = 5.6 × 10^{-10},1.8 × 10^{-5},Kw × Ka,1,A,Kw/Ka = 5.6 × 10^{-10},Kw/Ka = 5.6 × 10^{-10},,,,,,,,,Conjugate calculation,,,,,https://,2,0,,,,Use Kw relationship.,
mc_085,,2,ch11,Chapter 11,Acids Bases Equilibrium,⚗️,ka_kb_auto,Ka Kb and Autoionization,🔬,Ka Kb and Autoionization,1000,5000,hard,apply,mc,,,,,,,,,,,,,In a solution of weak acid the autoionization of water contribution to [H3O+] is,usually negligible compared to acid dissociation,dominant,equal to acid contribution,always zero,A,usually negligible compared to acid dissociation,usually negligible compared to acid dissociation,,,,,,,,,For most calculations ignore water's contribution,,,,,https://,2,0,,,,When approximation holds.,
mc_086,,3,ch11,Chapter 11,Acids Bases Equilibrium,⚗️,ph_strong,pH of Strong Acids and Bases,🧮,pH of Strong Acids and Bases,200,1000,easy,remember,mc,,,,,,,,,,,,,pH of 0.001 M strong acid is,3,1,7,11,A,3,3,,,,,,,,,[H+] = 10^{-3} so pH = 3,,,,,https://,2,0,,,,Direct -log for strong monoprotic.,
mc_087,,2,ch11,Chapter 11,Acids Bases Equilibrium,⚗️,ph_strong,pH of Strong Acids and Bases,🧮,pH of Strong Acids and Bases,400,2000,medium,apply,mc,,,,,,,,,,,,,For 0.020 M NaOH the pOH is,1.7,12.3,2,7.00? pOH = -log(0.02) ≈ 1.70,A,1.7,1.7,,,,,,,,,Strong base pOH = -log[OH-],,,,,https://,2,0,,,,Calculator use for non-integer.,
mc_088,,1,ch11,Chapter 11,Acids Bases Equilibrium,⚗️,ph_strong,pH of Strong Acids and Bases,🧮,pH of Strong Acids and Bases,600,2500,medium,apply,mc,,,,,,,,,,,,,A solution with [H+] = 2.5 × 10^{-4} M has pH approximately,3.6,4,3,2.6,A,3.6,3.6,,,,,,,,,-log(2.5e-4),,,,,https://,2,0,,,,Sig figs and log calculation.,
mc_089,,1,ch11,Chapter 11,Acids Bases Equilibrium,⚗️,ph_strong,pH of Strong Acids and Bases,🧮,pH of Strong Acids and Bases,800,3000,medium,apply,mc,,,,,,,,,,,,,pH of 0.0050 M HCl is,2.3,1.3,2,11.7,A,2.3,2.3,,,,,,,,,-log(0.0050) = 2.30,,,,,https://,2,0,,,,Precise value with trailing zero sig fig.,
mc_090,,2,ch11,Chapter 11,Acids Bases Equilibrium,⚗️,ph_strong,pH of Strong Acids and Bases,🧮,pH of Strong Acids and Bases,1000,5000,hard,apply,mc,,,,,,,,,,,,,What is [H+] in a solution with pH = 10.50?,3.2 × 10^{-11} M,10^{-10.5} M both correct but letter,0.000000000032 M approx,,A,3.2 × 10^{-11} M,3.2 × 10^{-11} M,,,,,,,,,10^{-pH},,,,,https://,2,0,,,,Reverse calculation with decimal pH.,
mc_091,,1,ch11,Chapter 11,Acids Bases Equilibrium,⚗️,ph_poh,pH and pOH,📏,pH and pOH,800,3000,medium,apply,mc,,,,,,,,,,,,,What is the pOH of a solution with pH = 9.25 at 25°C?,4.75,9.25,14,10.75? pOH = 14 - pH = 4.75,A,4.75,4.75,,,,,,,,,pH + pOH = 14,,,,,https://,2,0,,,,Common mistake: subtracting from 7 or reversing pH/pOH.,
mc_092,,2,ch11,Chapter 11,Acids Bases Equilibrium,⚗️,ph_poh,pH and pOH,📏,pH and pOH,1000,5000,hard,apply,mc,,,,,,,,,,,,,A solution has [OH-] = 4.0 × 10^{-5} M. What is the pH?,9.6,4.4,5.6,10.40? pOH = 4.40 then pH = 14 - 4.40 = 9.60,A,9.6,9.6,,,,,,,,,[OH-] → pOH → pH (requires calculator),,,,,https://,2,0,,,,Reverse calculation with scientific notation (frequent log direction error).,
mc_093,,1,ch11,Chapter 11,Acids Bases Equilibrium,⚗️,acids_bases,Acids and Bases,🧪,Acids and Bases,600,2500,medium,remember,mc,,,,,,,,,,,,,Which statement best describes a weak acid?,It partially dissociates in water,It completely dissociates,It does not dissociate,It only accepts protons,A,It partially dissociates in water,It partially dissociates in water,,,,,,,,,Produces few H+ ions,,,,,https://,2,0,,,,Common error: thinking all acids are strong or weak acids fully ionize.,
mc_094,,2,ch11,Chapter 11,Acids Bases Equilibrium,⚗️,acids_bases,Acids and Bases,🧪,Acids and Bases,800,3000,medium,apply,mc,,,,,,,,,,,,,The strength of an acid increases as the stability of its conjugate base,increases,decreases,stays the same,becomes neutral,A,increases,increases,,,,,,,,,More stable conjugate = stronger acid,,,,,https://,2,0,,,,Links structure to strength (students often reverse this).,
mc_095,,3,ch11,Chapter 11,Acids Bases Equilibrium,⚗️,acids_bases,Acids and Bases,🧪,Acids and Bases,1000,5000,hard,apply,mc,,,,,,,,,,,,,Why is HCl a strong acid while HF is weak?,H-Cl bond is weaker than H-F bond,H-F bond is weaker,Cl is more electronegative,F has higher electronegativity but bond strength dominates,A,H-Cl bond is weaker than H-F bond,H-Cl bond is weaker than H-F bond,,,,,,,,,Bond strength vs polarity in hydrohalic acids,,,,,https://,2,0,,,,Deeper structural reasoning.,
mc_096,,1,ch11,Chapter 11,Acids Bases Equilibrium,⚗️,ph_calc,Acid-Base Calculations,🧮,Acid-Base Calculations,200,1000,easy,remember,mc,,,,,,,,,,,,,The pH of 0.010 M HCl (strong acid) is,2,1,7,12,A,2,2,,,,,,,,,[H+] = 0.010 M so pH = 2,,,,,https://,2,0,,,,Basic strong acid calculation (mistake: forgetting log or using pOH).,
mc_097,,2,ch11,Chapter 11,Acids Bases Equilibrium,⚗️,ph_calc,Acid-Base Calculations,🧮,Acid-Base Calculations,400,2000,medium,apply,mc,,,,,,,,,,,,,What is the pOH of 0.0050 M NaOH (strong base)?,2.3,11.7,1.7,12.30? pOH = -log(0.0050) = 2.30,A,2.3,2.3,,,,,,,,,Strong base: pOH = -log[OH-],,,,,https://,2,0,,,,Non-integer log practice.,
mc_098,,3,ch11,Chapter 11,Acids Bases Equilibrium,⚗️,ph_calc,Acid-Base Calculations,🧮,Acid-Base Calculations,600,2500,medium,apply,mc,,,,,,,,,,,,,A 0.0010 M solution of a strong monoprotic acid has pH =,3,1,7,11,A,3,3,,,,,,,,,[H+] = 0.0010 → pH = 3.00,,,,,https://,2,0,,,,Simple but reinforces concentration to pH.,
mc_099,,1,ch11,Chapter 11,Acids Bases Equilibrium,⚗️,ka_calc,Ka Kb Calculations,🔬,Ka Kb Calculations,200,1000,easy,remember,mc,,,,,,,,,,,,,The Ka expression for HA ⇌ H+ + A- is,[H+][A-]/[HA],[HA]/[H+][A-],[H+]/[A-],1/[H+],A,[H+][A-]/[HA],[H+][A-]/[HA],,,,,,,,Correct equilibrium expression (common reversal error).,,,,https://,2,0,,,,Standard Ka setup.,,,
mc_100,,2,ch11,Chapter 11,Acids Bases Equilibrium,⚗️,ka_calc,Ka Kb Calculations,🔬,Ka Kb Calculations,400,2000,medium,remember,mc,,,,,,,,,,,,,For a conjugate acid-base pair,Ka × Kb =,Kw,1,Kw²,14,A,Kw,Kw,,,,,,,,,Key relationship,,,,,https://,2,0,,,,Students often forget or misremember as 1 or Kw².
mc_101,,3,ch11,Chapter 11,Acids Bases Equilibrium,⚗️,ka_calc,Ka Kb Calculations,🔬,Ka Kb Calculations,600,2500,medium,apply,mc,,,,,,,,,,,,,If Ka for a weak acid is 1.8 × 10^{-5},its conjugate base has Kb =,Kw / Ka ≈ 5.6 × 10^{-10},1.8 × 10^{-5},Kw × Ka,10^{-14} / 1.8,A,Kw / Ka ≈ 5.6 × 10^{-10},Kw / Ka,,,,,,,,,Calculate Kb from Ka,,,,,https://,2,0,,,,Conjugate calculation practice.
